call,phase,tool,status,revision_before,revision_after,target,action,accepted,changed_ids,note
"2","layout","paint_new_document","succeeded","24","0","","","","",""
"3","layout","paint_set_phase","succeeded","0","0","","","","",""
"4","layout","paint_get_reference_card","succeeded","0","0","","","","",""
"5","layout","paint_get_reference_card","succeeded","0","0","","","","",""
"6","layout","paint_inspect_context","succeeded","0","0","","","","",""
"7","layout","paint_set_plan","succeeded","0","1","","","","",""
"8","layout","paint_submit","succeeded","1","2","","","3","","依据参考建立低头、胸廓向右倾、坐姿骨盆体块，衣物遮挡内结构为推定。"
"9","layout","paint_inspect_context","succeeded","2","2","","","","",""
"10","layout","paint_record_inspection","failed","2","2","whole","","","",""
"11","layout","paint_submit","failed","2","2","","","","","建立面中线、颈躯干动作线与肩胯轴。"
"12","layout","paint_inspect_context","succeeded","2","2","","","","",""
"13","layout","paint_inspect_context","succeeded","2","2","","","","",""
"14","layout","paint_record_inspection","failed","2","2","whole","","","",""
"15","layout","paint_submit","failed","2","2","","","","","建立颈躯干中线与肩胯方向"
"16","layout","paint_observe_review","succeeded","2","2","","","","",""
"17","layout","paint_record_inspection","failed","2","2","whole","","","",""
"18","layout","paint_submit","failed","2","2","","","","","建立颈躯干中线与肩胯方向"
"19","layout","paint_record_inspection","succeeded","2","2","whole","","","",""
"20","layout","paint_submit","succeeded","2","3","","","3","","建立颈躯干中线与肩胯方向"
"21","layout","paint_observe_review","succeeded","3","3","","","","",""
"22","layout","paint_record_inspection","succeeded","3","3","whole","","","",""
"23","layout","paint_submit","succeeded","3","4","","","3","","后侧腿髋到膝再到踝和脚的连续结构，先画人体足体块"
"24","layout","paint_observe_review","succeeded","4","4","","","","",""
"25","layout","paint_record_inspection","succeeded","4","4","whole","","","",""
"26","layout","paint_submit","succeeded","4","5","","","3","","前侧腿从右髋到左膝后横跨，踝脚向下伸"
"27","layout","paint_observe_review","succeeded","5","5","","","","",""
"28","layout","paint_record_inspection","succeeded","5","5","whole","","","",""
"29","layout","paint_submit","succeeded","5","6","","","3","","托腮臂肩肘腕回折，手掌定位在下颌左下"
"30","layout","paint_observe_review","succeeded","6","6","","","","",""
"31","layout","paint_record_inspection","succeeded","6","6","whole","","","",""
"32","layout","paint_submit","succeeded","6","7","","","3","","下垂臂肩肘腕连续，掌根至指尖接近前踝"
"33","layout","paint_observe_review","succeeded","7","7","","","","",""
"34","layout","paint_record_inspection","succeeded","7","7","whole","","","",""
"35","layout","paint_checkpoint","succeeded","7","7","","save","","",""
"36","layout","paint_get_reference_card","succeeded","7","7","","","","",""
"37","layout","paint_get_reference_card","succeeded","7","7","","","","",""
"38","layout","paint_get_reference_card","succeeded","7","7","","","","",""
"39","layout","paint_inspect_context","succeeded","7","7","","","","",""
"40","layout","paint_get_reference_card","succeeded","7","7","","","","",""
"41","layout","paint_inspect_context","succeeded","7","7","","","","",""
"42","layout","paint_get_reference_card","succeeded","7","7","","","","",""
"43","layout","paint_record_review","failed","7","7","","","","","1A 初审 /root/layout_initial、最终独立复核 /root/layout_final 均已完成，原文已读取并保存为 studies/20260908-white-haired-draft/1A-initial.md、1A-final.md。两者pass、零明确major；revision7、image-10 SHA256 6cf48fa7e79b864547eea449c08ee5e141f978e378d1890487ae52a20b9b0017。足体块稍窄属minor，保持人体定位，在1B展开鞋体。"
"44","layout","paint_observe_review","succeeded","7","7","","","","",""
"45","layout","paint_record_review","succeeded","7","7","","","","","1A独立初审/root/layout_initial及最终复核/root/layout_final已完成并读取原文。报告studies/20260908-white-haired-draft/1A-initial.md、1A-final.md；均pass、零major。revision7，image-10 SHA256 6cf48fa7e79b864547eea449c08ee5e141f978e378d1890487ae52a20b9b0017。主绘镜像检查亦确认头胸胯、托腮及交叉双腿方向，保留足块窄minor至鞋体展开。"
"46","rough","paint_set_phase","succeeded","7","7","","","","",""
"47","rough","paint_get_reference_card","succeeded","7","7","","","","",""
"48","rough","paint_get_reference_card","succeeded","7","7","","","","",""
"49","rough","paint_get_reference_card","succeeded","7","7","","","","",""
"50","rough","paint_submit","succeeded","7","8","","","3","","在头体块上明确发帽、下颌及遮眼刘海的大形"
"51","rough","paint_observe_review","succeeded","8","8","","","","",""
"52","rough","paint_observe_review","succeeded","8","8","","","","",""
"53","rough","paint_record_inspection","succeeded","8","8","part:body","","","",""
"54","rough","paint_record_inspection","succeeded","8","8","part:hair","","","",""
"55","rough","paint_submit","succeeded","8","9","","","3","","建立两侧鬓发和右后长发，由颅顶方向落到肩后再向内卷"
"56","rough","paint_observe_review","succeeded","9","9","","","","",""
"57","rough","paint_observe_review","succeeded","9","9","","","","",""
"58","rough","paint_record_inspection","succeeded","9","9","part:body","","","",""
"59","rough","paint_record_inspection","succeeded","9","9","part:hair","","","",""
"60","rough","paint_submit","succeeded","9","10","","","3","","头后左侧长发绕肩向左展开，卷尖有回转与宽窄变化"
"61","rough","paint_observe_review","succeeded","10","10","","","","",""
"62","rough","paint_observe_review","succeeded","10","10","","","","",""
"63","rough","paint_record_inspection","succeeded","10","10","part:body","","","",""
"64","rough","paint_record_inspection","succeeded","10","10","part:hair","","","",""
"65","rough","paint_submit","succeeded","10","11","","","3","","颈部落入V领，水手领向肩外展开，胸衣收至腰间"
"66","rough","paint_observe_review","succeeded","11","11","","","","",""
"67","rough","paint_observe_review","succeeded","11","11","","","","",""
"68","rough","paint_observe_review","succeeded","11","11","","","","",""
"69","rough","paint_record_inspection","succeeded","11","11","part:body","","","",""
"70","rough","paint_record_inspection","succeeded","11","11","part:hair","","","",""
"71","rough","paint_record_inspection","succeeded","11","11","part:costume","","","",""
"72","rough","paint_submit","succeeded","11","12","","","3","","宽袖包裹手臂，肘部外套折叠聚向腰前，袖口在下垂手掌上方"
"73","rough","paint_observe_review","succeeded","12","12","","","","",""
"74","rough","paint_observe_review","succeeded","12","12","","","","",""
"75","rough","paint_observe_review","succeeded","12","12","","","","",""
"76","rough","paint_record_inspection","succeeded","12","12","part:body","","","",""
"77","rough","paint_record_inspection","succeeded","12","12","part:hair","","","",""
"78","rough","paint_record_inspection","succeeded","12","12","part:costume","","","",""
"79","rough","paint_submit","succeeded","12","13","","","3","","裙摆覆盖两大腿根，左右外套落片在裙与手臂后方，右下宽下摆形成独立体积"
"80","rough","paint_observe_review","succeeded","13","13","","","","",""
"81","rough","paint_record_inspection","succeeded","13","13","part:body","","","",""
"82","rough","paint_record_inspection","succeeded","13","13","part:hair","","","",""
"83","rough","paint_record_inspection","succeeded","13","13","part:costume","","","",""
"84","rough","paint_submit","succeeded","13","14","","","3","","依据已定腿链收敛可见腿缘，并以脚体块展开鞋跟与前掌"
"85","rough","paint_observe_review","succeeded","14","14","","","","",""
"86","rough","paint_record_inspection","succeeded","14","14","part:body","","","",""
"87","rough","paint_record_inspection","succeeded","14","14","part:hair","","","",""
"88","rough","paint_record_inspection","succeeded","14","14","part:costume","","","",""
"89","rough","paint_submit","succeeded","14","15","","","3","","确定托腮指掌与下垂手轮廓，眼位在露出的右侧脸部"
"90","rough","paint_observe_review","succeeded","15","15","","","","",""
"91","rough","paint_record_inspection","succeeded","15","15","part:body","","","",""
"92","rough","paint_record_inspection","succeeded","15","15","part:hair","","","",""
"93","rough","paint_record_inspection","succeeded","15","15","part:costume","","","",""
"94","rough","paint_submit","succeeded","15","16","","","3","","蝴蝶结在左颅顶，光环在右上斜悬，发带沿额头弧面"
"95","rough","paint_observe_review","succeeded","16","16","","","","",""
"96","rough","paint_record_inspection","succeeded","16","16","part:body","","","",""
"97","rough","paint_record_inspection","succeeded","16","16","part:hair","","","",""
"98","rough","paint_submit","succeeded","16","17","","","3","","领下翻折包住胸前，结两尾沿身前分岔落下"
"99","rough","paint_observe_review","succeeded","17","17","","","","",""
"100","rough","paint_record_inspection","succeeded","17","17","part:body","","","",""
"101","rough","paint_record_inspection","succeeded","17","17","part:hair","","","",""
"102","rough","paint_record_inspection","succeeded","17","17","part:costume","","","",""
"103","rough","paint_submit","succeeded","17","18","","","3","","辫子交替分节绕托腮手，袖口厚边包住下垂腕部"
"104","rough","paint_observe_review","succeeded","18","18","","","","",""
"105","rough","paint_record_inspection","succeeded","18","18","part:body","","","",""
"106","rough","paint_record_inspection","succeeded","18","18","part:hair","","","",""
"107","rough","paint_record_inspection","succeeded","18","18","part:costume","","","",""
"108","rough","paint_set_plan","succeeded","18","19","","","","",""
"109","rough","paint_observe_review","succeeded","19","19","","","","",""
"110","rough","paint_record_inspection","succeeded","19","19","whole","","","",""
"111","rough","paint_record_inspection","succeeded","19","19","part:body","","","",""
"112","rough","paint_record_inspection","succeeded","19","19","part:hair","","","",""
"113","rough","paint_record_inspection","succeeded","19","19","part:costume","","","",""
"114","rough","paint_checkpoint","succeeded","19","19","","save","","",""
"115","structure_review","paint_set_phase","succeeded","19","19","","","","",""
"116","structure_review","paint_get_reference_card","succeeded","19","19","","","","",""
"117","structure_review","paint_get_reference_card","succeeded","19","19","","","","",""
"118","structure_review","paint_get_reference_card","succeeded","19","19","","","","",""
"119","structure_review","paint_observe_review","succeeded","19","19","","","","",""
"120","structure_review","paint_inspect_context","succeeded","19","19","","","","",""
"121","structure_review","paint_update_issue","succeeded","19","19","补出(353,280)到(313,329)的内侧折边，形成参考的三角领面","open","","",""
"122","structure_review","paint_revise","succeeded","19","20","","","","sailor-outline","补齐水手领V点至结点的缺失折边"
"123","structure_review","paint_observe_review","succeeded","20","20","","","","",""
"124","structure_review","paint_record_inspection","succeeded","20","20","whole","","","",""
"125","structure_review","paint_record_inspection","succeeded","20","20","part:body","","","",""
"126","structure_review","paint_record_inspection","succeeded","20","20","part:hair","","","",""
"127","structure_review","paint_record_inspection","succeeded","20","20","part:costume","","","",""
"128","structure_review","paint_observe_review","succeeded","20","20","","","","",""
"129","structure_review","paint_update_issue","succeeded","20","20","","resolve","","","原尺寸以上局部复看，颈前V点到胸前结点的斜边已连起，领面恢复三角形叠层。"
"130","structure_review","paint_get_state","succeeded","20","20","","","","",""
"131","structure_review","paint_inspect_context","succeeded","20","20","","","","",""
"132","structure_review","paint_observe_review","succeeded","20","20","","","","",""
"133","structure_review","paint_record_review","succeeded","20","20","","","","","1C初审/root/structure_initial与最终复核/root/structure_final原文均已读取；报告studies/20260908-white-haired-draft/1C-initial.md、1C-final.md。最终pass，明确major0，revision20/image-41 SHA256 4fc7d08a547350990bcb0ff15feba08846fbe1fe8977349cd6ce64262a8d1e78。领内斜边已解决，鞋转面和抬袖饱满度minor保留至细化。当前镜像复看头胸胯、肢体方向、负形无新增退步。"
"134","structure_review","paint_checkpoint","succeeded","20","20","","save","","",""
"135","refine","paint_set_phase","succeeded","20","20","","","","",""
"136","refine","paint_get_reference_card","succeeded","20","20","","","","",""
"137","refine","paint_observe_review","succeeded","20","20","","","","",""
"138","refine","paint_revise","succeeded","20","21","","","","eye-placement","将原眼部占位线收敛为上睑，保留眼角位置，虹膜另建内部结构。"
"139","refine","paint_observe_review","succeeded","21","21","","","","",""
"140","refine","paint_observe_review","succeeded","21","21","","","","",""
"141","refine","paint_record_inspection","succeeded","21","21","part:body","","","",""
"142","refine","paint_record_inspection","succeeded","21","21","part:hair","","","",""
"143","refine","paint_record_inspection","succeeded","21","21","part:costume","","","",""
"144","refine","paint_observe_review","succeeded","21","21","","","","",""
"145","refine","paint_update_issue","succeeded","21","21","","resolve","","","进入细化后的局部复查：内斜边仍完整接到胸前结点，上睑修订未改变领面。"
"146","refine","paint_submit","succeeded","21","22","","","3","","依已定上睑的宽度，虹膜上端受上睑遮挡，下缘留短弧。"
"147","refine","paint_observe_review","succeeded","22","22","","","","",""
"148","refine","paint_record_inspection","succeeded","22","22","part:body","","","",""
"149","refine","paint_record_inspection","succeeded","22","22","part:hair","","","",""
"150","refine","paint_record_inspection","succeeded","22","22","part:costume","","","",""
"151","refine","paint_update_issue","failed","22","22","","resolve","","","当前整图中颈前353,280到313,329的斜边仍完整，眼部新增未动领面。"
"152","refine","paint_submit","failed","22","22","","","","","在既定面部内补瞳孔与短鼻口，保持参考小幅表情。"
"153","refine","paint_observe_review","succeeded","22","22","","","","",""
"154","refine","paint_update_issue","succeeded","22","22","","resolve","","","当前原尺寸领面内斜边仍完整，不存在原缺边偏差。"
"155","refine","paint_submit","succeeded","22","23","","","3","","在既定面部内补瞳孔与短鼻口，保持参考小幅表情。"
"156","refine","paint_observe_review","succeeded","23","23","","","","",""
"157","refine","paint_observe_review","succeeded","23","23","","","","",""
"158","refine","paint_record_inspection","succeeded","23","23","part:body","","","",""
"159","refine","paint_record_inspection","succeeded","23","23","part:hair","","","",""
"160","refine","paint_record_inspection","succeeded","23","23","part:costume","","","",""
"161","refine","paint_update_issue","succeeded","23","23","","resolve","","","当前局部图中颈前到结点的内斜边保持完整，未恢复原缺边问题。"
"162","refine","paint_submit","succeeded","23","24","","","3","","从发带下沿向既有刘海发梢分束，不移动遮眼边界。"
"163","refine","paint_observe_review","succeeded","24","24","","","","",""
"164","refine","paint_observe_review","succeeded","24","24","","","","",""
"165","refine","paint_record_inspection","succeeded","24","24","part:body","","","",""
"166","refine","paint_record_inspection","succeeded","24","24","part:hair","","","",""
"167","refine","paint_record_inspection","succeeded","24","24","part:costume","","","",""
"168","refine","paint_update_issue","succeeded","24","24","","resolve","","","当前局部图中颈前到结点的内斜边保持完整，未恢复原缺边问题。"
"169","refine","paint_submit","succeeded","24","25","","","3","","顺头球及脸旁长束保留上宽下尖，发丝止于已有层级。"
"170","refine","paint_observe_review","succeeded","25","25","","","","",""
"171","refine","paint_observe_review","succeeded","25","25","","","","",""
"172","refine","paint_record_inspection","succeeded","25","25","part:body","","","",""
"173","refine","paint_record_inspection","succeeded","25","25","part:hair","","","",""
"174","refine","paint_record_inspection","succeeded","25","25","part:costume","","","",""
"175","refine","paint_update_issue","succeeded","25","25","","resolve","","","当前局部图中颈前到结点的内斜边保持完整，未恢复原缺边问题。"
"176","refine","paint_submit","succeeded","25","26","","","3","","沿已定后发外弧分出长束，保留参考发尾转向与稀疏分布。"
"177","refine","paint_observe_review","succeeded","26","26","","","","",""
"178","refine","paint_observe_review","succeeded","26","26","","","","",""
"179","refine","paint_record_inspection","succeeded","26","26","part:body","","","",""
"180","refine","paint_record_inspection","succeeded","26","26","part:hair","","","",""
"181","refine","paint_record_inspection","succeeded","26","26","part:costume","","","",""
"182","refine","paint_update_issue","succeeded","26","26","","resolve","","","当前局部图中颈前到结点的内斜边保持完整，未恢复原缺边问题。"
"183","refine","paint_submit","succeeded","26","27","","","3","","从左侧既有发根和飘发弧细分长束，内线顺回卷方向。"
"184","refine","paint_observe_review","succeeded","27","27","","","","",""
"185","refine","paint_observe_review","succeeded","27","27","","","","",""
"186","refine","paint_record_inspection","succeeded","27","27","part:body","","","",""
"187","refine","paint_record_inspection","succeeded","27","27","part:hair","","","",""
"188","refine","paint_record_inspection","succeeded","27","27","part:costume","","","",""
"189","refine","paint_update_issue","succeeded","27","27","","resolve","","","当前局部图中颈前到结点的内斜边保持完整，未恢复原缺边问题。"
"190","refine","paint_submit","succeeded","27","28","","","3","","上方叶状蝴蝶结补折面与小孔，保持尖角与结心位置。"
"191","refine","paint_observe_review","succeeded","28","28","","","","",""
"192","refine","paint_observe_review","succeeded","28","28","","","","",""
"193","refine","paint_record_inspection","succeeded","28","28","part:body","","","",""
"194","refine","paint_record_inspection","succeeded","28","28","part:hair","","","",""
"195","refine","paint_record_inspection","succeeded","28","28","part:costume","","","",""
"196","refine","paint_update_issue","succeeded","28","28","","resolve","","","当前局部图中颈前到结点的内斜边保持完整，未恢复原缺边问题。"
"197","refine","paint_submit","succeeded","28","29","","","3","","辫节的斜向压叠由原两侧起伏确定，腕旁小结不覆盖手指。"
"198","refine","paint_observe_review","succeeded","29","29","","","","",""
"199","refine","paint_observe_review","succeeded","29","29","","","","",""
"200","refine","paint_record_inspection","succeeded","29","29","part:body","","","",""
"201","refine","paint_record_inspection","succeeded","29","29","part:hair","","","",""
"202","refine","paint_record_inspection","succeeded","29","29","part:costume","","","",""
"203","refine","paint_update_issue","succeeded","29","29","","resolve","","","当前局部图中颈前到结点的内斜边保持完整，未恢复原缺边问题。"
"204","refine","paint_submit","succeeded","29","30","","","3","","沿已修好的三角领外边补平行领缘和结点，结点维持313,332。"
"205","refine","paint_observe_review","succeeded","30","30","","","","",""
"206","refine","paint_observe_review","succeeded","30","30","","","","",""
"207","refine","paint_record_inspection","succeeded","30","30","part:body","","","",""
"208","refine","paint_record_inspection","succeeded","30","30","part:hair","","","",""
"209","refine","paint_record_inspection","succeeded","30","30","part:costume","","","",""
"210","refine","paint_update_issue","succeeded","30","30","","resolve","","","当前局部图中颈前到结点的内斜边保持完整，未恢复原缺边问题。"
"211","refine","paint_submit","succeeded","30","31","","","3","","按前臂竖向和肘转折补袖内褶，袖口围住既定手腕。"
"212","refine","paint_observe_review","succeeded","31","31","","","","",""
"213","refine","paint_observe_review","succeeded","31","31","","","","",""
"214","refine","paint_record_inspection","succeeded","31","31","part:body","","","",""
"215","refine","paint_record_inspection","succeeded","31","31","part:hair","","","",""
"216","refine","paint_record_inspection","succeeded","31","31","part:costume","","","",""
"217","refine","paint_update_issue","succeeded","31","31","","resolve","","","当前局部图中颈前到结点的内斜边保持完整，未恢复原缺边问题。"
"218","refine","paint_observe_review","succeeded","31","31","","","","",""
"219","refine","paint_submit","succeeded","31","32","","","3","","依腰线291,406到372,416分组展开短褶，折面方向朝膝侧。"
"220","refine","paint_observe_review","succeeded","32","32","","","","",""
"221","refine","paint_observe_review","succeeded","32","32","","","","",""
"222","refine","paint_record_inspection","succeeded","32","32","part:body","","","",""
"223","refine","paint_record_inspection","succeeded","32","32","part:hair","","","",""
"224","refine","paint_record_inspection","succeeded","32","32","part:costume","","","",""
"225","refine","paint_update_issue","succeeded","32","32","","resolve","","","当前局部图中颈前到结点的内斜边保持完整，未恢复原缺边问题。"
"226","refine","paint_submit","succeeded","32","33","","","3","","主褶顺已定裙面和膝上弧展开，保留袖旁折面的聚集。"
"227","refine","paint_observe_review","succeeded","33","33","","","","",""
"228","refine","paint_observe_review","succeeded","33","33","","","","",""
"229","refine","paint_record_inspection","succeeded","33","33","part:body","","","",""
"230","refine","paint_record_inspection","succeeded","33","33","part:hair","","","",""
"231","refine","paint_record_inspection","succeeded","33","33","part:costume","","","",""
"232","refine","paint_update_issue","succeeded","33","33","","resolve","","","当前局部图中颈前到结点的内斜边保持完整，未恢复原缺边问题。"
"233","refine","paint_submit","succeeded","33","34","","","3","","按长袖上臂下降、肘侧聚褶的方向细化内部折线，止于外边以内。"
"234","refine","paint_observe_review","succeeded","34","34","","","","",""
"235","refine","paint_observe_review","succeeded","34","34","","","","",""
"236","refine","paint_record_inspection","succeeded","34","34","part:body","","","",""
"237","refine","paint_record_inspection","succeeded","34","34","part:hair","","","",""
"238","refine","paint_record_inspection","succeeded","34","34","part:costume","","","",""
"239","refine","paint_update_issue","succeeded","34","34","","resolve","","","当前局部图中颈前到结点的内斜边保持完整，未恢复原缺边问题。"
"240","refine","paint_submit","succeeded","34","35","","","3","","袖口附近由宽到窄收褶，保留腕端开口和原外形。"
"241","refine","paint_observe_review","succeeded","35","35","","","","",""
"242","refine","paint_observe_review","succeeded","35","35","","","","",""
"243","refine","paint_record_inspection","succeeded","35","35","part:body","","","",""
"244","refine","paint_record_inspection","succeeded","35","35","part:hair","","","",""
"245","refine","paint_record_inspection","succeeded","35","35","part:costume","","","",""
"246","refine","paint_update_issue","succeeded","35","35","","resolve","","","当前局部图中颈前到结点的内斜边保持完整，未恢复原缺边问题。"
"247","refine","paint_submit","succeeded","35","36","","","3","","左侧外套堆叠沿已定展宽外形，长折从上缘向下折回。"
"248","refine","paint_observe_review","succeeded","36","36","","","","",""
"249","refine","paint_observe_review","succeeded","36","36","","","","",""
"250","refine","paint_record_inspection","succeeded","36","36","part:body","","","",""
"251","refine","paint_record_inspection","succeeded","36","36","part:hair","","","",""
"252","refine","paint_record_inspection","succeeded","36","36","part:costume","","","",""
"253","refine","paint_update_issue","succeeded","36","36","","resolve","","","当前局部图中颈前到结点的内斜边保持完整，未恢复原缺边问题。"
"254","refine","paint_submit","succeeded","36","37","","","3","","后侧衣片沿肩后向右下堆积，折线留在袖后衣片范围。"
"255","refine","paint_observe_review","succeeded","37","37","","","","",""
"256","refine","paint_observe_review","succeeded","37","37","","","","",""
"257","refine","paint_record_inspection","succeeded","37","37","part:body","","","",""
"258","refine","paint_record_inspection","succeeded","37","37","part:hair","","","",""
"259","refine","paint_record_inspection","succeeded","37","37","part:costume","","","",""
"260","refine","paint_update_issue","succeeded","37","37","","resolve","","","当前局部图中颈前到结点的内斜边保持完整，未恢复原缺边问题。"
"261","refine","paint_submit","succeeded","37","38","","","3","","依现有鞋外形建立鞋口隆起、足背转前掌以及沿底面的厚边。"
"262","refine","paint_observe_review","succeeded","38","38","","","","",""
"263","refine","paint_observe_review","succeeded","38","38","","","","",""
"264","refine","paint_record_inspection","succeeded","38","38","part:body","","","",""
"265","refine","paint_update_issue","succeeded","38","38","","resolve","","","当前局部图中颈前到结点的内斜边保持完整，未恢复原缺边问题。"
"266","refine","paint_submit","succeeded","38","39","","","3","","鞋带横向包住足背，后侧缝线跟随已定后跟面。"
"267","refine","paint_observe_review","succeeded","39","39","","","","",""
"268","refine","paint_observe_review","succeeded","39","39","","","","",""
"269","refine","paint_record_inspection","succeeded","39","39","part:body","","","",""
"270","refine","paint_update_issue","succeeded","39","39","","resolve","","","当前局部图中颈前到结点的内斜边保持完整，未恢复原缺边问题。"
"271","refine","paint_submit","succeeded","39","40","","","3","","按原手背与指尖位置补少量指间结构，下手指仍从袖口向足踝收拢。"
"272","refine","paint_observe_review","succeeded","40","40","","","","",""
"273","refine","paint_observe_review","succeeded","40","40","","","","",""
"274","refine","paint_record_inspection","succeeded","40","40","part:body","","","",""
"275","refine","paint_record_inspection","succeeded","40","40","part:hair","","","",""
"276","refine","paint_record_inspection","succeeded","40","40","part:costume","","","",""
"277","refine","paint_update_issue","succeeded","40","40","","resolve","","","当前局部图中颈前到结点的内斜边保持完整，未恢复原缺边问题。"
"278","refine","paint_submit","succeeded","40","41","","","3","","依据斜腿轮廓补丝袜破口，长口沿小腿斜向，踝口在手指下方。"
"279","refine","paint_observe_review","succeeded","41","41","","","","",""
"280","refine","paint_observe_review","succeeded","41","41","","","","",""
"281","refine","paint_record_inspection","succeeded","41","41","part:body","","","",""
"282","refine","paint_record_inspection","succeeded","41","41","part:costume","","","",""
"283","refine","paint_observe_review","succeeded","41","41","","","","",""
"284","refine","paint_update_issue","succeeded","41","41","小腿上边在长开口两端接回，内部只保留开口下弧","open","","",""
"285","refine","paint_update_issue","succeeded","41","41","","resolve","","","当前领面局部内斜边完整。"
"286","refine","paint_revise","succeeded","41","42","","","","leg-near-visible;stocking-tear-large","移除长开口内部原腿线，外腿线经过开口上缘，开口笔只留内侧下弧。"
"287","refine","paint_observe_review","succeeded","42","42","","","","",""
"288","refine","paint_observe_review","succeeded","42","42","","","","",""
"289","refine","paint_observe_review","succeeded","42","42","","","","",""
"290","refine","paint_record_inspection","succeeded","42","42","part:body","","","",""
"291","refine","paint_record_inspection","succeeded","42","42","part:hair","","","",""
"292","refine","paint_record_inspection","succeeded","42","42","part:costume","","","",""
"293","refine","paint_update_issue","succeeded","42","42","","resolve","","","局部三倍图确认开口内无原腿线，轮廓在两端接回，开口下弧独立。"
"294","refine","paint_update_issue","succeeded","42","42","","resolve","","","局部内领斜边保持完整。"
"295","refine","paint_submit","succeeded","42","43","","","3","","颈饰按颈部宽度分段露出，脸侧发束遮住中段；垂带内折顺原长轴。"
"296","refine","paint_observe_review","succeeded","43","43","","","","",""
"297","refine","paint_observe_review","succeeded","43","43","","","","",""
"298","refine","paint_record_inspection","succeeded","43","43","part:body","","","",""
"299","refine","paint_record_inspection","succeeded","43","43","part:hair","","","",""
"300","refine","paint_record_inspection","succeeded","43","43","part:costume","","","",""
"301","refine","paint_update_issue","succeeded","43","43","","resolve","","","当前局部图中颈前到结点的内斜边保持完整，未恢复原缺边问题。"
"302","refine","paint_observe_review","succeeded","43","43","","","","",""
"303","refine","paint_update_issue","succeeded","43","43","","resolve","","","当前原尺寸开口无内部穿线，历史修订保持。"
"304","refine","paint_set_plan","succeeded","43","44","","","","",""
"305","refine","paint_observe_review","succeeded","44","44","","","","",""
"306","refine","paint_record_inspection","succeeded","44","44","whole","","","",""
"307","refine","paint_record_inspection","succeeded","44","44","part:body","","","",""
"308","refine","paint_record_inspection","succeeded","44","44","part:hair","","","",""
"309","refine","paint_record_inspection","succeeded","44","44","part:costume","","","",""
"310","refine","paint_observe_review","succeeded","44","44","","","","",""
"311","refine","paint_observe_review","succeeded","44","44","","","","",""
"312","refine","paint_update_issue","succeeded","44","44","","resolve","","","最终局部内领边连续接到结点，定位层淡化不影响该修订。"
"313","refine","paint_update_issue","succeeded","44","44","","resolve","","","最终开口仅保留两侧边，未出现内部重复腿线。"
"314","refine","paint_observe_review","succeeded","44","44","","","","",""
"315","refine","paint_observe_review","succeeded","44","44","","","","",""
"316","refine","paint_record_review","succeeded","44","44","","","","","1D主绘阶段检查：五官、手指、发束、衣褶、领缘、颈饰和鞋体已细化；整图、镜像及手脸局部实际复看，领面与丝袜开口两项问题已修复并当前图resolve。保留抬袖饱满度minor及草稿线条简化；不宣称1E清线或1F审核通过。"
"317","refine","paint_checkpoint","succeeded","44","44","","save","","",""
"318","refine","paint_get_state","succeeded","44","44","","","","",""
"319","clean","paint_set_phase","succeeded","44","44","","","","",""
"320","clean","paint_get_reference_card","succeeded","44","44","","","","",""
"321","clean","paint_inspect_context","succeeded","44","44","","","","",""
"322","clean","paint_set_plan","succeeded","44","45","","","","",""
"323","clean","paint_observe_review","succeeded","45","45","","","","",""
"324","clean","paint_observe_review","succeeded","45","45","","","","",""
"325","clean","paint_observe_review","succeeded","45","45","","","","",""
"326","clean","paint_record_inspection","succeeded","45","45","whole","","","",""
"327","clean","paint_record_inspection","succeeded","45","45","part:body","","","",""
"328","clean","paint_record_inspection","succeeded","45","45","part:hair","","","",""
"329","clean","paint_record_inspection","succeeded","45","45","part:costume","","","",""
"330","clean","paint_update_issue","succeeded","45","45","","resolve","","","淡化后内领斜边仍在，两端接点未变。"
"331","clean","paint_update_issue","succeeded","45","45","","resolve","","","淡化后开口内部仍无重复边。"
"332","clean","paint_submit","succeeded","45","46","","","3","","选择下颌外弧、遮眼发梢及脸侧长束；窄分束保留，删去草稿的双重试探弧。"
"333","clean","paint_observe_review","succeeded","46","46","","","","",""
"334","clean","paint_observe_review","succeeded","46","46","","","","",""
"335","clean","paint_observe_review","succeeded","46","46","","","","",""
"336","clean","paint_observe_review","succeeded","46","46","","","","",""
"337","clean","paint_record_inspection","succeeded","46","46","part:body","","","",""
"338","clean","paint_record_inspection","succeeded","46","46","part:hair","","","",""
"339","clean","paint_update_issue","succeeded","46","46","","resolve","","","当前局部领内斜边仍从颈前接至结点，没有原缺边。"
"340","clean","paint_update_issue","succeeded","46","46","","resolve","","","当前局部长开口内部没有原小腿穿线。"
"341","clean","paint_submit","succeeded","46","47","","","3","","头帽外弧、左侧发锁与发带依原定位选择单线，保留头球弧度。"
"342","clean","paint_observe_review","succeeded","47","47","","","","",""
"343","clean","paint_observe_review","succeeded","47","47","","","","",""
"344","clean","paint_observe_review","succeeded","47","47","","","","",""
"345","clean","paint_observe_review","succeeded","47","47","","","","",""
"346","clean","paint_record_inspection","succeeded","47","47","part:body","","","",""
"347","clean","paint_record_inspection","succeeded","47","47","part:hair","","","",""
"348","clean","paint_update_issue","succeeded","47","47","","resolve","","","当前局部领内斜边仍从颈前接至结点，没有原缺边。"
"349","clean","paint_update_issue","succeeded","47","47","","resolve","","","当前局部长开口内部没有原小腿穿线。"
"350","clean","paint_submit","succeeded","47","48","","","3","","可见眼上睑保持上扬，以较厚睫毛压住虹膜上部，瞳孔留简洁深线。"
"351","clean","paint_observe_review","succeeded","48","48","","","","",""
"352","clean","paint_observe_review","succeeded","48","48","","","","",""
"353","clean","paint_observe_review","succeeded","48","48","","","","",""
"354","clean","paint_observe_review","succeeded","48","48","","","","",""
"355","clean","paint_record_inspection","succeeded","48","48","part:body","","","",""
"356","clean","paint_record_inspection","succeeded","48","48","part:hair","","","",""
"357","clean","paint_update_issue","succeeded","48","48","","resolve","","","当前局部领内斜边仍从颈前接至结点，没有原缺边。"
"358","clean","paint_update_issue","succeeded","48","48","","resolve","","","当前局部长开口内部没有原小腿穿线。"
"359","clean","paint_submit","succeeded","48","49","","","3","","选择短鼻口与轻眼褶，省去重复下睑避免眼部过重。"
"360","clean","paint_observe_review","succeeded","49","49","","","","",""
"361","clean","paint_observe_review","succeeded","49","49","","","","",""
"362","clean","paint_observe_review","succeeded","49","49","","","","",""
"363","clean","paint_observe_review","succeeded","49","49","","","","",""
"364","clean","paint_record_inspection","succeeded","49","49","part:body","","","",""
"365","clean","paint_record_inspection","succeeded","49","49","part:hair","","","",""
"366","clean","paint_update_issue","succeeded","49","49","","resolve","","","当前局部领内斜边仍从颈前接至结点，没有原缺边。"
"367","clean","paint_update_issue","succeeded","49","49","","resolve","","","当前局部长开口内部没有原小腿穿线。"
"368","clean","paint_inspect_context","succeeded","49","49","","","","",""
"369","clean","paint_submit","succeeded","49","50","","","3","","保持头饰两叶尖角和倾斜光环，外轮廓连续，折面使用轻线。"
"370","clean","paint_observe_review","succeeded","50","50","","","","",""
"371","clean","paint_observe_review","succeeded","50","50","","","","",""
"372","clean","paint_observe_review","succeeded","50","50","","","","",""
"373","clean","paint_observe_review","succeeded","50","50","","","","",""
"374","clean","paint_record_inspection","succeeded","50","50","part:body","","","",""
"375","clean","paint_record_inspection","succeeded","50","50","part:hair","","","",""
"376","clean","paint_update_issue","succeeded","50","50","","resolve","","","当前局部领内斜边仍从颈前接至结点，没有原缺边。"
"377","clean","paint_update_issue","succeeded","50","50","","resolve","","","当前局部长开口内部没有原小腿穿线。"
"378","clean","paint_submit","succeeded","50","51","","","3","","保留两条主要刘海分束和顺头球弧线，去掉重复的平行发丝。"
"379","clean","paint_observe_review","succeeded","51","51","","","","",""
"380","clean","paint_observe_review","succeeded","51","51","","","","",""
"381","clean","paint_observe_review","succeeded","51","51","","","","",""
"382","clean","paint_observe_review","succeeded","51","51","","","","",""
"383","clean","paint_record_inspection","succeeded","51","51","part:body","","","",""
"384","clean","paint_record_inspection","succeeded","51","51","part:hair","","","",""
"385","clean","paint_update_issue","succeeded","51","51","","resolve","","","当前局部领内斜边仍从颈前接至结点，没有原缺边。"
"386","clean","paint_update_issue","succeeded","51","51","","resolve","","","当前局部长开口内部没有原小腿穿线。"
"387","clean","paint_submit","succeeded","51","52","","","3","","后发外缘连续到回卷端，内束保持外鼓后收窄，长线分层而不等距。"
"388","clean","paint_observe_review","succeeded","52","52","","","","",""
"389","clean","paint_observe_review","succeeded","52","52","","","","",""
"390","clean","paint_observe_review","succeeded","52","52","","","","",""
"391","clean","paint_observe_review","succeeded","52","52","","","","",""
"392","clean","paint_record_inspection","succeeded","52","52","part:body","","","",""
"393","clean","paint_record_inspection","succeeded","52","52","part:hair","","","",""
"394","clean","paint_update_issue","succeeded","52","52","","resolve","","","当前局部领内斜边仍从颈前接至结点，没有原缺边。"
"395","clean","paint_update_issue","succeeded","52","52","","resolve","","","当前局部长开口内部没有原小腿穿线。"
"396","clean","paint_submit","succeeded","52","53","","","3","","飘发沿外展与回卷曲率重画，右端在袖外缘结束，不延入袖内。"
"397","clean","paint_observe_review","succeeded","53","53","","","","",""
"398","clean","paint_observe_review","succeeded","53","53","","","","",""
"399","clean","paint_observe_review","succeeded","53","53","","","","",""
"400","clean","paint_observe_review","succeeded","53","53","","","","",""
"401","clean","paint_record_inspection","succeeded","53","53","part:body","","","",""
"402","clean","paint_record_inspection","succeeded","53","53","part:hair","","","",""
"403","clean","paint_update_issue","succeeded","53","53","","resolve","","","当前局部领内斜边仍从颈前接至结点，没有原缺边。"
"404","clean","paint_update_issue","succeeded","53","53","","resolve","","","当前局部长开口内部没有原小腿穿线。"
"405","clean","paint_submit","succeeded","53","54","","","3","","辫子的起伏按交叠段落收线，小结保留两个大小不同的环。"
"406","clean","paint_observe_review","succeeded","54","54","","","","",""
"407","clean","paint_observe_review","succeeded","54","54","","","","",""
"408","clean","paint_observe_review","succeeded","54","54","","","","",""
"409","clean","paint_observe_review","succeeded","54","54","","","","",""
"410","clean","paint_record_inspection","succeeded","54","54","part:body","","","",""
"411","clean","paint_record_inspection","succeeded","54","54","part:hair","","","",""
"412","clean","paint_update_issue","succeeded","54","54","","resolve","","","当前局部领内斜边仍从颈前接至结点，没有原缺边。"
"413","clean","paint_update_issue","succeeded","54","54","","resolve","","","当前局部长开口内部没有原小腿穿线。"
"414","clean","paint_submit","succeeded","54","55","","","3","","辫节跨线顺斜向压叠，末梢从结下垂出再收尖。"
"415","clean","paint_observe_review","succeeded","55","55","","","","",""
"416","clean","paint_observe_review","succeeded","55","55","","","","",""
"417","clean","paint_observe_review","succeeded","55","55","","","","",""
"418","clean","paint_observe_review","succeeded","55","55","","","","",""
"419","clean","paint_record_inspection","succeeded","55","55","part:body","","","",""
"420","clean","paint_record_inspection","succeeded","55","55","part:hair","","","",""
"421","clean","paint_update_issue","succeeded","55","55","","resolve","","","当前局部领内斜边仍从颈前接至结点，没有原缺边。"
"422","clean","paint_update_issue","succeeded","55","55","","resolve","","","当前局部长开口内部没有原小腿穿线。"
"423","clean","paint_inspect_context","succeeded","55","55","","","","",""
"424","clean","paint_submit","succeeded","55","56","","","3","","领口围住颈前，右侧在脸侧发束处遮断；内斜边明确接到胸前结点。"
"425","clean","paint_observe_review","succeeded","56","56","","","","",""
"426","clean","paint_observe_review","succeeded","56","56","","","","",""
"427","clean","paint_observe_review","succeeded","56","56","","","","",""
"428","clean","paint_observe_review","succeeded","56","56","","","","",""
"429","clean","paint_record_inspection","succeeded","56","56","part:body","","","",""
"430","clean","paint_record_inspection","succeeded","56","56","part:hair","","","",""
"431","clean","paint_record_inspection","succeeded","56","56","part:costume","","","",""
"432","clean","paint_update_issue","succeeded","56","56","","resolve","","","当前局部领内斜边仍从颈前接至结点，没有原缺边。"
"433","clean","paint_update_issue","succeeded","56","56","","resolve","","","当前局部长开口内部没有原小腿穿线。"
"434","clean","paint_submit","succeeded","56","57","","","3","","外领窄边沿既有轮廓内侧平行，下翻白领片与主领面分开。"
"435","clean","paint_observe_review","succeeded","57","57","","","","",""
"436","clean","paint_observe_review","succeeded","57","57","","","","",""
"437","clean","paint_observe_review","succeeded","57","57","","","","",""
"438","clean","paint_observe_review","succeeded","57","57","","","","",""
"439","clean","paint_record_inspection","succeeded","57","57","part:body","","","",""
"440","clean","paint_record_inspection","succeeded","57","57","part:hair","","","",""
"441","clean","paint_record_inspection","succeeded","57","57","part:costume","","","",""
"442","clean","paint_update_issue","succeeded","57","57","","resolve","","","当前局部领内斜边仍从颈前接至结点，没有原缺边。"
"443","clean","paint_update_issue","succeeded","57","57","","resolve","","","当前局部长开口内部没有原小腿穿线。"
"444","clean","paint_submit","succeeded","57","58","","","3","","两条垂带从同一小结伸出，左带向左张开，右带较长而窄，尖端清楚。"
"445","clean","paint_observe_review","succeeded","58","58","","","","",""
"446","clean","paint_observe_review","succeeded","58","58","","","","",""
"447","clean","paint_observe_review","succeeded","58","58","","","","",""
"448","clean","paint_observe_review","succeeded","58","58","","","","",""
"449","clean","paint_record_inspection","succeeded","58","58","part:body","","","",""
"450","clean","paint_record_inspection","succeeded","58","58","part:hair","","","",""
"451","clean","paint_record_inspection","succeeded","58","58","part:costume","","","",""
"452","clean","paint_update_issue","succeeded","58","58","","resolve","","","当前局部领内斜边仍从颈前接至结点，没有原缺边。"
"453","clean","paint_update_issue","succeeded","58","58","","resolve","","","当前局部长开口内部没有原小腿穿线。"
"454","clean","paint_submit","succeeded","58","59","","","3","","衣身在垂带两侧分别露出；抬袖保留手腕收紧、肘侧饱满的连续外缘。"
"455","clean","paint_observe_review","succeeded","59","59","","","","",""
"456","clean","paint_observe_review","succeeded","59","59","","","","",""
"457","clean","paint_observe_review","succeeded","59","59","","","","",""
"458","clean","paint_observe_review","succeeded","59","59","","","","",""
"459","clean","paint_record_inspection","succeeded","59","59","part:body","","","",""
"460","clean","paint_record_inspection","succeeded","59","59","part:hair","","","",""
"461","clean","paint_record_inspection","succeeded","59","59","part:costume","","","",""
"462","clean","paint_update_issue","succeeded","59","59","","resolve","","","当前局部领内斜边仍从颈前接至结点，没有原缺边。"
"463","clean","paint_update_issue","succeeded","59","59","","resolve","","","当前局部长开口内部没有原小腿穿线。"
"464","clean","paint_submit","succeeded","59","60","","","3","","长袖从上臂到肘侧再向袖口收束；外侧在前景发尾经过处断开，袖口保持厚边。"
"465","clean","paint_observe_review","succeeded","60","60","","","","",""
"466","clean","paint_observe_review","succeeded","60","60","","","","",""
"467","clean","paint_observe_review","succeeded","60","60","","","","",""
"468","clean","paint_observe_review","succeeded","60","60","","","","",""
"469","clean","paint_record_inspection","succeeded","60","60","part:body","","","",""
"470","clean","paint_record_inspection","succeeded","60","60","part:hair","","","",""
"471","clean","paint_record_inspection","succeeded","60","60","part:costume","","","",""
"472","clean","paint_update_issue","succeeded","60","60","","resolve","","","当前局部领内斜边仍从颈前接至结点，没有原缺边。"
"473","clean","paint_update_issue","succeeded","60","60","","resolve","","","当前局部长开口内部没有原小腿穿线。"
"474","clean","paint_submit","succeeded","60","61","","","3","","翻折衣边从袖外向肘侧回收，内部褶保留受力弯曲，删去僵硬等距锯齿。"
"475","clean","paint_observe_review","succeeded","61","61","","","","",""
"476","clean","paint_observe_review","succeeded","61","61","","","","",""
"477","clean","paint_observe_review","succeeded","61","61","","","","",""
"478","clean","paint_observe_review","succeeded","61","61","","","","",""
"479","clean","paint_record_inspection","succeeded","61","61","part:body","","","",""
"480","clean","paint_record_inspection","succeeded","61","61","part:hair","","","",""
"481","clean","paint_record_inspection","succeeded","61","61","part:costume","","","",""
"482","clean","paint_update_issue","succeeded","61","61","","resolve","","","当前局部领内斜边仍从颈前接至结点，没有原缺边。"
"483","clean","paint_update_issue","succeeded","61","61","","resolve","","","当前局部长开口内部没有原小腿穿线。"
"484","clean","paint_submit","succeeded","61","62","","","3","","肘部用短回折，袖腹用长弧，抬袖内折顺前臂，不把褶线接成装饰网。"
"485","clean","paint_observe_review","succeeded","62","62","","","","",""
"486","clean","paint_observe_review","succeeded","62","62","","","","",""
"487","clean","paint_observe_review","succeeded","62","62","","","","",""
"488","clean","paint_observe_review","succeeded","62","62","","","","",""
"489","clean","paint_record_inspection","succeeded","62","62","part:body","","","",""
"490","clean","paint_record_inspection","succeeded","62","62","part:hair","","","",""
"491","clean","paint_record_inspection","succeeded","62","62","part:costume","","","",""
"492","clean","paint_update_issue","succeeded","62","62","","resolve","","","当前局部领内斜边仍从颈前接至结点，没有原缺边。"
"493","clean","paint_update_issue","succeeded","62","62","","resolve","","","当前局部长开口内部没有原小腿穿线。"
"494","clean","paint_inspect_context","succeeded","62","62","","","","",""
"495","clean","paint_revise","succeeded","62","63","","","","ink-neck-front","手指在颈前，删除被指尖挡住的颈侧段；袖口前缘在辫尾和衣领之间露出。"
"496","clean","paint_observe_review","succeeded","63","63","","","","",""
"497","clean","paint_observe_review","succeeded","63","63","","","","",""
"498","clean","paint_observe_review","succeeded","63","63","","","","",""
"499","clean","paint_observe_review","succeeded","63","63","","","","",""
"500","clean","paint_record_inspection","succeeded","63","63","part:body","","","",""
"501","clean","paint_record_inspection","succeeded","63","63","part:hair","","","",""
"502","clean","paint_record_inspection","succeeded","63","63","part:costume","","","",""
"503","clean","paint_update_issue","succeeded","63","63","","resolve","","","当前局部领内斜边仍从颈前接至结点，没有原缺边。"
"504","clean","paint_update_issue","succeeded","63","63","","resolve","","","当前局部长开口内部没有原小腿穿线。"
"505","clean","paint_inspect_context","succeeded","63","63","","","","",""
"506","clean","paint_submit","succeeded","63","64","","","3","","手腕在袖口后缘下露出，外轮廓和两条指间线朝踝部收束。"
"507","clean","paint_observe_review","succeeded","64","64","","","","",""
"508","clean","paint_observe_review","succeeded","64","64","","","","",""
"509","clean","paint_observe_review","succeeded","64","64","","","","",""
"510","clean","paint_observe_review","succeeded","64","64","","","","",""
"511","clean","paint_record_inspection","succeeded","64","64","part:body","","","",""
"512","clean","paint_record_inspection","succeeded","64","64","part:costume","","","",""
"513","clean","paint_update_issue","succeeded","64","64","","resolve","","","当前局部领内斜边仍从颈前接至结点，没有原缺边。"
"514","clean","paint_update_issue","succeeded","64","64","","resolve","","","当前局部长开口内部没有原小腿穿线。"
"515","clean","paint_inspect_context","succeeded","64","64","","","","",""
"516","clean","paint_submit","succeeded","64","65","","","3","","裙边沿膝上转弯后落向长袖；后侧外套保持左短右长的堆积轮廓。"
"517","clean","paint_observe_review","succeeded","65","65","","","","",""
"518","clean","paint_observe_review","succeeded","65","65","","","","",""
"519","clean","paint_observe_review","succeeded","65","65","","","","",""
"520","clean","paint_observe_review","succeeded","65","65","","","","",""
"521","clean","paint_record_inspection","succeeded","65","65","part:body","","","",""
"522","clean","paint_record_inspection","succeeded","65","65","part:hair","","","",""
"523","clean","paint_record_inspection","succeeded","65","65","part:costume","","","",""
"524","clean","paint_update_issue","succeeded","65","65","","resolve","","","当前局部领内斜边仍从颈前接至结点，没有原缺边。"
"525","clean","paint_update_issue","succeeded","65","65","","resolve","","","当前局部长开口内部没有原小腿穿线。"
"526","clean","paint_submit","succeeded","65","66","","","3","","选择两组腰褶，右侧裙面在上衣与翻折袖边之间闭合，避免漏掉衣片交界。"
"527","clean","paint_observe_review","succeeded","66","66","","","","",""
"528","clean","paint_observe_review","succeeded","66","66","","","","",""
"529","clean","paint_observe_review","succeeded","66","66","","","","",""
"530","clean","paint_observe_review","succeeded","66","66","","","","",""
"531","clean","paint_record_inspection","succeeded","66","66","part:body","","","",""
"532","clean","paint_record_inspection","succeeded","66","66","part:hair","","","",""
"533","clean","paint_record_inspection","succeeded","66","66","part:costume","","","",""
"534","clean","paint_update_issue","succeeded","66","66","","resolve","","","当前局部领内斜边仍从颈前接至结点，没有原缺边。"
"535","clean","paint_update_issue","succeeded","66","66","","resolve","","","当前局部长开口内部没有原小腿穿线。"
"536","clean","paint_submit","succeeded","66","67","","","3","","保留横向铺膝和右侧纵向垂褶，折角有结构理由，线端轻收在裙面内。"
"537","clean","paint_observe_review","succeeded","67","67","","","","",""
"538","clean","paint_observe_review","succeeded","67","67","","","","",""
"539","clean","paint_observe_review","succeeded","67","67","","","","",""
"540","clean","paint_observe_review","succeeded","67","67","","","","",""
"541","clean","paint_record_inspection","succeeded","67","67","part:body","","","",""
"542","clean","paint_record_inspection","succeeded","67","67","part:hair","","","",""
"543","clean","paint_record_inspection","succeeded","67","67","part:costume","","","",""
"544","clean","paint_update_issue","succeeded","67","67","","resolve","","","当前局部领内斜边仍从颈前接至结点，没有原缺边。"
"545","clean","paint_update_issue","succeeded","67","67","","resolve","","","当前局部长开口内部没有原小腿穿线。"
"546","clean","paint_submit","succeeded","67","68","","","3","","选择外套折叠中最主要的方向线，左侧向肘部回收，右侧沿后下摆横向堆积。"
"547","clean","paint_observe_review","succeeded","68","68","","","","",""
"548","clean","paint_observe_review","succeeded","68","68","","","","",""
"549","clean","paint_observe_review","succeeded","68","68","","","","",""
"550","clean","paint_observe_review","succeeded","68","68","","","","",""
"551","clean","paint_record_inspection","succeeded","68","68","part:body","","","",""
"552","clean","paint_record_inspection","succeeded","68","68","part:hair","","","",""
"553","clean","paint_record_inspection","succeeded","68","68","part:costume","","","",""
"554","clean","paint_update_issue","succeeded","68","68","","resolve","","","当前局部领内斜边仍从颈前接至结点，没有原缺边。"
"555","clean","paint_update_issue","succeeded","68","68","","resolve","","","当前局部长开口内部没有原小腿穿线。"
"556","clean","paint_inspect_context","succeeded","68","68","","","","",""
"557","clean","paint_submit","succeeded","68","69","","","3","","双腿沿原膝踝定位清线，后腿在前腿下缘终止；斜腿保留开口上缘及脚尖的小转折。"
"558","clean","paint_observe_review","succeeded","69","69","","","","",""
"559","clean","paint_observe_review","succeeded","69","69","","","","",""
"560","clean","paint_observe_review","succeeded","69","69","","","","",""
"561","clean","paint_observe_review","succeeded","69","69","","","","",""
"562","clean","paint_record_inspection","succeeded","69","69","part:body","","","",""
"563","clean","paint_record_inspection","succeeded","69","69","part:hair","","","",""
"564","clean","paint_record_inspection","succeeded","69","69","part:costume","","","",""
"565","clean","paint_update_issue","succeeded","69","69","","resolve","","","当前局部领内斜边仍从颈前接至结点，没有原缺边。"
"566","clean","paint_update_issue","succeeded","69","69","","resolve","","","当前局部长开口内部没有原小腿穿线。"
"567","clean","paint_submit","succeeded","69","70","","","3","","丝袜长开口只清内侧下弧，避免重复腿线；踝口接住指端，脚尖仅保留短褶。"
"568","clean","paint_observe_review","succeeded","70","70","","","","",""
"569","clean","paint_observe_review","succeeded","70","70","","","","",""
"570","clean","paint_observe_review","succeeded","70","70","","","","",""
"571","clean","paint_observe_review","succeeded","70","70","","","","",""
"572","clean","paint_record_inspection","succeeded","70","70","part:body","","","",""
"573","clean","paint_record_inspection","succeeded","70","70","part:costume","","","",""
"574","clean","paint_update_issue","succeeded","70","70","","resolve","","","当前局部领内斜边仍从颈前接至结点，没有原缺边。"
"575","clean","paint_update_issue","succeeded","70","70","","resolve","","","当前局部长开口内部没有原小腿穿线。"
"576","clean","paint_inspect_context","succeeded","70","70","","","","",""
"577","clean","paint_submit","succeeded","70","71","","","3","","鞋跟与前掌保持底稿方向，鞋口前缘隆起并绕回后跟，左右脚踝在口沿处停止。"
"578","clean","paint_observe_review","succeeded","71","71","","","","",""
"579","clean","paint_observe_review","succeeded","71","71","","","","",""
"580","clean","paint_observe_review","succeeded","71","71","","","","",""
"581","clean","paint_observe_review","succeeded","71","71","","","","",""
"582","clean","paint_record_inspection","succeeded","71","71","part:body","","","",""
"583","clean","paint_update_issue","succeeded","71","71","","resolve","","","当前局部领内斜边仍从颈前接至结点，没有原缺边。"
"584","clean","paint_update_issue","succeeded","71","71","","resolve","","","当前局部长开口内部没有原小腿穿线。"
"585","clean","paint_submit","succeeded","71","72","","","3","","两条鞋带顺足背横向包裹，前掌弧沿鞋面转下，保持鞋底厚度独立。"
"586","clean","paint_observe_review","succeeded","72","72","","","","",""
"587","clean","paint_observe_review","succeeded","72","72","","","","",""
"588","clean","paint_observe_review","succeeded","72","72","","","","",""
"589","clean","paint_observe_review","succeeded","72","72","","","","",""
"590","clean","paint_record_inspection","succeeded","72","72","part:body","","","",""
"591","clean","paint_update_issue","succeeded","72","72","","resolve","","","当前局部领内斜边仍从颈前接至结点，没有原缺边。"
"592","clean","paint_update_issue","succeeded","72","72","","resolve","","","当前局部长开口内部没有原小腿穿线。"
"593","clean","paint_revise","succeeded","72","73","","","","ink-shoe-vamp","下鞋带已承担前掌上边，去掉鞋面笔开头与鞋带重合的一小段，保留前掌弧线。"
"594","clean","paint_observe_review","succeeded","73","73","","","","",""
"595","clean","paint_observe_review","succeeded","73","73","","","","",""
"596","clean","paint_observe_review","succeeded","73","73","","","","",""
"597","clean","paint_observe_review","succeeded","73","73","","","","",""
"598","clean","paint_record_inspection","succeeded","73","73","part:body","","","",""
"599","clean","paint_update_issue","succeeded","73","73","","resolve","","","当前局部领内斜边仍从颈前接至结点，没有原缺边。"
"600","clean","paint_update_issue","succeeded","73","73","","resolve","","","当前局部长开口内部没有原小腿穿线。"
"601","clean","paint_get_state","succeeded","73","73","","","","",""
"602","clean","paint_inspect_context","succeeded","73","73","","","","",""
"603","clean","paint_inspect_context","succeeded","73","73","","","","",""
"604","clean","paint_submit","failed","73","73","","","","","保留颈饰窄带和前发遮挡，补齐手后颈前短边与领后颈边。"
"605","clean","paint_submit","succeeded","73","74","","","3","","保留颈饰窄带和前发遮挡，补齐手后颈前短边与领后颈边。"
"606","clean","paint_observe_review","succeeded","74","74","","","","",""
"607","clean","paint_observe_review","succeeded","74","74","","","","",""
"608","clean","paint_observe_review","succeeded","74","74","","","","",""
"609","clean","paint_observe_review","succeeded","74","74","","","","",""
"610","clean","paint_record_inspection","succeeded","74","74","part:body","","","",""
"611","clean","paint_record_inspection","succeeded","74","74","part:hair","","","",""
"612","clean","paint_record_inspection","succeeded","74","74","part:costume","","","",""
"613","clean","paint_update_issue","succeeded","74","74","","resolve","","","当前局部领内斜边仍从颈前接至结点，没有原缺边。"
"614","clean","paint_update_issue","succeeded","74","74","","resolve","","","当前局部长开口内部没有原小腿穿线。"
"615","clean","paint_set_layers","succeeded","74","74","","","","",""
"616","clean","paint_observe_review","succeeded","74","74","","","","",""
"617","clean","paint_record_inspection","succeeded","74","74","part:body","","","",""
"618","clean","paint_record_inspection","succeeded","74","74","part:hair","","","",""
"619","clean","paint_record_inspection","succeeded","74","74","part:costume","","","",""
"620","clean","paint_inspect_context","succeeded","74","74","","","","",""
"621","clean","paint_inspect_context","succeeded","74","74","","","","",""
"622","clean","paint_revise","succeeded","74","75","","","","ink-jaw","脸颊原起点悬空，改为从刘海尖端下方起笔并保留下巴位置。"
"623","clean","paint_observe_review","succeeded","75","75","","","","",""
"624","clean","paint_observe_review","succeeded","75","75","","","","",""
"625","clean","paint_observe_review","succeeded","75","75","","","","",""
"626","clean","paint_observe_review","succeeded","75","75","","","","",""
"627","clean","paint_record_inspection","succeeded","75","75","part:body","","","",""
"628","clean","paint_record_inspection","succeeded","75","75","part:hair","","","",""
"629","clean","paint_record_inspection","succeeded","75","75","part:costume","","","",""
"630","clean","paint_update_issue","succeeded","75","75","","resolve","","","当前局部领内斜边仍从颈前接至结点，没有原缺边。"
"631","clean","paint_update_issue","succeeded","75","75","","resolve","","","当前局部长开口内部没有原小腿穿线。"
"632","clean","paint_revise","succeeded","75","76","","","","ink-long-sleeve-right;ink-long-sleeve-cuff","补出细发尾的回转边，袖边分别止于发尾上下边，消除没有遮挡依据的大断口。"
"633","clean","paint_observe_review","succeeded","76","76","","","","",""
"634","clean","paint_observe_review","succeeded","76","76","","","","",""
"635","clean","paint_observe_review","succeeded","76","76","","","","",""
"636","clean","paint_observe_review","succeeded","76","76","","","","",""
"637","clean","paint_record_inspection","succeeded","76","76","part:body","","","",""
"638","clean","paint_record_inspection","succeeded","76","76","part:hair","","","",""
"639","clean","paint_record_inspection","succeeded","76","76","part:costume","","","",""
"640","clean","paint_update_issue","succeeded","76","76","","resolve","","","当前局部领内斜边仍从颈前接至结点，没有原缺边。"
"641","clean","paint_update_issue","succeeded","76","76","","resolve","","","当前局部长开口内部没有原小腿穿线。"
"642","clean","paint_record_inspection","succeeded","76","76","whole","","","",""
"643","clean","paint_checkpoint","succeeded","76","76","","save","","",""
"644","lineart_review","paint_set_phase","succeeded","76","76","","","","",""
"645","lineart_review","paint_prepare_review","succeeded","76","76","","","","",""
"646","lineart_review","paint_observe_review","succeeded","76","76","","","","",""
"647","lineart_review","paint_inspect_context","succeeded","76","76","","","","",""
"648","lineart_review","paint_get_state","succeeded","76","76","","","","",""
"649","lineart_review","paint_record_inspection","succeeded","76","76","whole","","","",""
"650","lineart_review","paint_record_inspection","succeeded","76","76","part:body","","","",""
"651","lineart_review","paint_record_inspection","succeeded","76","76","part:hair","","","",""
"652","lineart_review","paint_record_inspection","succeeded","76","76","part:costume","","","",""
"653","lineart_review","paint_record_review","succeeded","76","76","","","","","1F第一轮由主agent完成：整图、镜像、缩小图及鞋踝/袖腕/颈领局部对照。交叉腿楔形负形与参考一致；鞋舌前缘盖踝、后帮围足跟，袖口前缘盖手腕，颈饰被前发遮挡且领内缘接结点。姿态与主要比例成立；衣褶简化和膝弯曲率偏几何为minor，不改变关节或遮挡。零明确结构阻断项。第二轮尚未执行。"
"654","lineart_review","paint_scan_gaps","succeeded","76","76","","","","",""
"655","lineart_review","paint_preview_leak","succeeded","76","76","","","","",""
"656","lineart_review","paint_preview_leak","succeeded","76","76","","","","",""
"657","lineart_review","paint_preview_leak","succeeded","76","76","","","","",""
"658","lineart_review","paint_clear_diagnostics","succeeded","76","76","","","","",""
"659","lineart_review","paint_observe_review","succeeded","76","76","","","","",""
"660","lineart_review","paint_record_review","succeeded","76","76","","","","","1F第二轮完成：独立初审/root/lineart_initial与新开最终复核/root/lineart_final原始报告均已读取，分别studies/20260908-white-haired-draft/1F-initial.md、1F-final.md，均pass、零明确major；初审后无改笔，修改记录1F-changes.md。revision76/image-217 SHA256 0b4e27495eaea3eb50c97dee6f69762f2e4c9881e9a500c8d1456013dd21b705。缺口候选已结合语义复核；鞋踝、袖腕、颈领跨界预期分开，阈值24实测均connected:false。前鞋舌盖踝，袖口前缘盖腕，颈部止于领弧且前发压领；没有明确主要缺边或穿线。保留鞋口尖V、内褶偏硬及线宽层次简化minor，左细发汇聚uncertain。两轮完成，停在线稿。"
"661","lineart_review","paint_checkpoint","succeeded","76","76","","save","","",""