call,tool,status,started_at,duration_ms,revision_before,revision_after,accepted_strokes,image_count,error
7e05da61-4b8b-4695-8e12-dfad75cac499-call-2,paint_new_document,succeeded,2026-09-07T14:55:20.610Z,21,31,0,0,0,
7e05da61-4b8b-4695-8e12-dfad75cac499-call-3,paint_set_phase,succeeded,2026-09-07T14:55:40.510Z,5,0,0,0,0,
7e05da61-4b8b-4695-8e12-dfad75cac499-call-4,paint_get_reference_card,succeeded,2026-09-07T14:56:37.077Z,39,0,0,0,0,
7e05da61-4b8b-4695-8e12-dfad75cac499-call-5,paint_get_reference_card,succeeded,2026-09-07T14:57:07.868Z,21,0,0,0,0,
7e05da61-4b8b-4695-8e12-dfad75cac499-call-6,paint_get_reference_card,succeeded,2026-09-07T14:57:30.071Z,23,0,0,0,0,
7e05da61-4b8b-4695-8e12-dfad75cac499-call-7,paint_inspect_context,succeeded,2026-09-07T14:58:02.241Z,71,0,0,0,1,
7e05da61-4b8b-4695-8e12-dfad75cac499-call-8,paint_set_plan,succeeded,2026-09-07T15:01:51.934Z,8,0,1,0,0,
7e05da61-4b8b-4695-8e12-dfad75cac499-call-9,paint_submit,failed,2026-09-07T15:01:56.516Z,1,1,1,0,0,每条 path 只允许一次落笔，请分成多条笔迹
7e05da61-4b8b-4695-8e12-dfad75cac499-call-10,paint_playback,succeeded,2026-09-07T15:02:00.173Z,4,1,1,0,0,
7e05da61-4b8b-4695-8e12-dfad75cac499-call-11,paint_submit,succeeded,2026-09-07T15:02:27.161Z,22,1,2,27,0,
7e05da61-4b8b-4695-8e12-dfad75cac499-call-12,paint_playback,succeeded,2026-09-07T15:02:35.714Z,5,2,2,0,0,
7e05da61-4b8b-4695-8e12-dfad75cac499-call-13,paint_observe_review,succeeded,2026-09-07T15:02:39.462Z,62,2,2,0,2,
7e05da61-4b8b-4695-8e12-dfad75cac499-call-14,paint_record_inspection,succeeded,2026-09-07T15:03:36.241Z,7,2,2,0,0,
7e05da61-4b8b-4695-8e12-dfad75cac499-call-15,paint_checkpoint,succeeded,2026-09-07T15:03:43.744Z,8,2,2,0,0,
7e05da61-4b8b-4695-8e12-dfad75cac499-call-16,paint_set_phase,succeeded,2026-09-07T15:03:48.992Z,8,2,2,0,0,
7e05da61-4b8b-4695-8e12-dfad75cac499-call-17,paint_get_reference_card,succeeded,2026-09-07T15:04:14.743Z,51,2,2,0,0,
7e05da61-4b8b-4695-8e12-dfad75cac499-call-18,paint_get_reference_card,succeeded,2026-09-07T15:04:40.186Z,38,2,2,0,0,
7e05da61-4b8b-4695-8e12-dfad75cac499-call-19,paint_get_reference_card,succeeded,2026-09-07T15:04:45.888Z,13,2,2,0,0,
7e05da61-4b8b-4695-8e12-dfad75cac499-call-20,paint_inspect_context,succeeded,2026-09-07T15:05:11.356Z,76,2,2,0,1,
7e05da61-4b8b-4695-8e12-dfad75cac499-call-21,paint_submit,succeeded,2026-09-07T15:05:58.271Z,22,2,3,24,0,
7e05da61-4b8b-4695-8e12-dfad75cac499-call-22,paint_playback,succeeded,2026-09-07T15:06:04.388Z,8,3,3,0,0,
7e05da61-4b8b-4695-8e12-dfad75cac499-call-23,paint_observe_review,succeeded,2026-09-07T15:06:09.237Z,64,3,3,0,2,
7e05da61-4b8b-4695-8e12-dfad75cac499-call-24,paint_set_layers,succeeded,2026-09-07T15:06:39.432Z,10,3,3,0,0,
7e05da61-4b8b-4695-8e12-dfad75cac499-call-25,paint_inspect_context,succeeded,2026-09-07T15:06:43.608Z,99,3,3,0,1,
7e05da61-4b8b-4695-8e12-dfad75cac499-call-26,paint_submit,succeeded,2026-09-07T15:07:45.261Z,26,3,4,27,0,
7e05da61-4b8b-4695-8e12-dfad75cac499-call-27,paint_playback,succeeded,2026-09-07T15:07:50.837Z,12,4,4,0,0,
7e05da61-4b8b-4695-8e12-dfad75cac499-call-28,paint_observe_review,succeeded,2026-09-07T15:07:55.091Z,71,4,4,0,2,
7e05da61-4b8b-4695-8e12-dfad75cac499-call-29,paint_inspect_context,succeeded,2026-09-07T15:08:24.260Z,110,4,4,0,1,
7e05da61-4b8b-4695-8e12-dfad75cac499-call-30,paint_submit,succeeded,2026-09-07T15:09:34.911Z,48,4,5,16,0,
7e05da61-4b8b-4695-8e12-dfad75cac499-call-31,paint_playback,succeeded,2026-09-07T15:09:42.727Z,25,5,5,0,0,
7e05da61-4b8b-4695-8e12-dfad75cac499-call-32,paint_observe_review,succeeded,2026-09-07T15:09:47.998Z,135,5,5,0,2,
7e05da61-4b8b-4695-8e12-dfad75cac499-call-33,paint_inspect_context,succeeded,2026-09-07T15:10:19.154Z,214,5,5,0,1,
7e05da61-4b8b-4695-8e12-dfad75cac499-call-34,paint_submit,succeeded,2026-09-07T15:11:03.774Z,52,5,6,20,0,
7e05da61-4b8b-4695-8e12-dfad75cac499-call-35,paint_playback,succeeded,2026-09-07T15:11:08.974Z,31,6,6,0,0,
7e05da61-4b8b-4695-8e12-dfad75cac499-call-36,paint_observe_review,succeeded,2026-09-07T15:11:21.524Z,153,6,6,0,2,
7e05da61-4b8b-4695-8e12-dfad75cac499-call-37,paint_inspect_context,succeeded,2026-09-07T15:11:59.572Z,306,6,6,0,1,
7e05da61-4b8b-4695-8e12-dfad75cac499-call-38,paint_submit,succeeded,2026-09-07T15:12:59.518Z,69,6,7,24,0,
7e05da61-4b8b-4695-8e12-dfad75cac499-call-39,paint_playback,succeeded,2026-09-07T15:13:06.262Z,40,7,7,0,0,
7e05da61-4b8b-4695-8e12-dfad75cac499-call-40,paint_observe_review,succeeded,2026-09-07T15:13:10.958Z,160,7,7,0,2,
7e05da61-4b8b-4695-8e12-dfad75cac499-call-41,paint_observe_review,succeeded,2026-09-07T15:14:04.471Z,114,7,7,0,2,
7e05da61-4b8b-4695-8e12-dfad75cac499-call-42,paint_observe_review,succeeded,2026-09-07T15:14:11.221Z,74,7,7,0,2,
7e05da61-4b8b-4695-8e12-dfad75cac499-call-43,paint_record_inspection,succeeded,2026-09-07T15:15:19.395Z,26,7,7,0,0,
7e05da61-4b8b-4695-8e12-dfad75cac499-call-44,paint_record_inspection,succeeded,2026-09-07T15:15:24.447Z,27,7,7,0,0,
7e05da61-4b8b-4695-8e12-dfad75cac499-call-45,paint_record_inspection,failed,2026-09-07T15:15:30.343Z,8,7,7,0,0,检查需要当前版本覆盖目标的参考/画布图片，局部至少原尺寸
7e05da61-4b8b-4695-8e12-dfad75cac499-call-46,paint_observe_review,succeeded,2026-09-07T15:15:59.738Z,130,7,7,0,2,
7e05da61-4b8b-4695-8e12-dfad75cac499-call-47,paint_record_inspection,succeeded,2026-09-07T15:16:36.350Z,26,7,7,0,0,
7e05da61-4b8b-4695-8e12-dfad75cac499-call-48,paint_observe_review,succeeded,2026-09-07T15:16:42.527Z,88,7,7,0,2,
7e05da61-4b8b-4695-8e12-dfad75cac499-call-49,paint_observe_review,succeeded,2026-09-07T15:16:48.498Z,184,7,7,0,2,
7e05da61-4b8b-4695-8e12-dfad75cac499-call-50,paint_record_inspection,succeeded,2026-09-07T15:17:37.555Z,29,7,7,0,0,
7e05da61-4b8b-4695-8e12-dfad75cac499-call-51,paint_record_inspection,succeeded,2026-09-07T15:17:42.647Z,34,7,7,0,0,
7e05da61-4b8b-4695-8e12-dfad75cac499-call-52,paint_record_inspection,failed,2026-09-07T15:17:49.201Z,4,7,7,0,0,检查需要当前版本覆盖目标的参考/画布图片，局部至少原尺寸
7e05da61-4b8b-4695-8e12-dfad75cac499-call-53,paint_observe_review,succeeded,2026-09-07T15:18:17.888Z,172,7,7,0,2,
7e05da61-4b8b-4695-8e12-dfad75cac499-call-54,paint_record_inspection,succeeded,2026-09-07T15:19:24.635Z,40,7,7,0,0,
7e05da61-4b8b-4695-8e12-dfad75cac499-call-55,paint_record_review,succeeded,2026-09-07T15:19:29.299Z,14,7,7,0,0,
7e05da61-4b8b-4695-8e12-dfad75cac499-call-56,paint_checkpoint,succeeded,2026-09-07T15:19:38.828Z,82,7,7,0,0,
