call,tool,status,startedAt,finishedAt,revisionBefore,revisionAfter,imageCount
7e05da61-4b8b-4695-8e12-dfad75cac499-call-58,paint_get_state,succeeded,2026-09-07T16:30:56.073Z,2026-09-07T16:30:56.098Z,2,2,0
7e05da61-4b8b-4695-8e12-dfad75cac499-call-59,paint_get_reference_card,succeeded,2026-09-07T16:31:15.800Z,2026-09-07T16:31:15.822Z,2,2,0
7e05da61-4b8b-4695-8e12-dfad75cac499-call-60,paint_get_reference_card,succeeded,2026-09-07T16:31:37.273Z,2026-09-07T16:31:37.292Z,2,2,0
7e05da61-4b8b-4695-8e12-dfad75cac499-call-61,paint_observe_review,succeeded,2026-09-07T16:34:55.420Z,2026-09-07T16:34:55.470Z,2,2,2
7e05da61-4b8b-4695-8e12-dfad75cac499-call-62,paint_record_inspection,succeeded,2026-09-07T16:35:20.186Z,2026-09-07T16:35:20.194Z,2,2,0
7e05da61-4b8b-4695-8e12-dfad75cac499-call-63,paint_record_review,succeeded,2026-09-07T16:35:53.094Z,2026-09-07T16:35:53.101Z,2,2,0
7e05da61-4b8b-4695-8e12-dfad75cac499-call-64,paint_checkpoint,succeeded,2026-09-07T16:35:58.429Z,2026-09-07T16:35:58.453Z,2,2,0
7e05da61-4b8b-4695-8e12-dfad75cac499-call-65,paint_inspect_context,succeeded,2026-09-07T16:36:24.165Z,2026-09-07T16:36:24.325Z,2,2,5
7e05da61-4b8b-4695-8e12-dfad75cac499-call-66,paint_revise,succeeded,2026-09-07T16:37:02.208Z,2026-09-07T16:37:02.250Z,2,3,0
7e05da61-4b8b-4695-8e12-dfad75cac499-call-67,paint_observe_review,succeeded,2026-09-07T16:37:25.030Z,2026-09-07T16:37:25.087Z,3,3,2
7e05da61-4b8b-4695-8e12-dfad75cac499-call-68,paint_inspect_context,succeeded,2026-09-07T16:38:27.829Z,2026-09-07T16:38:27.963Z,3,3,1
7e05da61-4b8b-4695-8e12-dfad75cac499-call-69,paint_update_issue,succeeded,2026-09-07T16:44:05.880Z,2026-09-07T16:44:05.884Z,3,3,0
7e05da61-4b8b-4695-8e12-dfad75cac499-call-70,paint_update_issue,succeeded,2026-09-07T16:44:11.710Z,2026-09-07T16:44:11.712Z,3,3,0
7e05da61-4b8b-4695-8e12-dfad75cac499-call-71,paint_update_issue,succeeded,2026-09-07T16:44:18.167Z,2026-09-07T16:44:18.169Z,3,3,0
7e05da61-4b8b-4695-8e12-dfad75cac499-call-72,paint_update_issue,succeeded,2026-09-07T16:44:24.222Z,2026-09-07T16:44:24.224Z,3,3,0
7e05da61-4b8b-4695-8e12-dfad75cac499-call-73,paint_record_inspection,succeeded,2026-09-07T16:45:00.559Z,2026-09-07T16:45:00.568Z,3,3,0
7e05da61-4b8b-4695-8e12-dfad75cac499-call-74,paint_record_review,succeeded,2026-09-07T16:45:08.115Z,2026-09-07T16:45:08.120Z,3,3,0
7e05da61-4b8b-4695-8e12-dfad75cac499-call-75,paint_checkpoint,succeeded,2026-09-07T16:45:33.099Z,2026-09-07T16:45:33.129Z,3,3,0
